,City,Lat,Lng,Country,Date,Max Temp(Â°F) ,Humidity(%),Cloudiness(%),Wind Speed(mph),Max Temp,Humidity,Cloudiness,Wind Speed
1,sychevka,55.83,34.27,RU,1551656382,,,,,25.6,96.0,80.0,2.95
3,ishim,56.11,69.47,RU,1551656383,,,,,29.29,92.0,88.0,20.96
4,den helder,52.96,4.76,NL,1551656332,,,,,55.0,81.0,75.0,28.86
5,ilinskiy,55.62,38.12,RU,1551654000,,,,,21.2,92.0,0.0,4.47
6,sopelana,43.38,-2.98,ES,1551656284,,,,,62.6,45.0,0.0,18.34
7,krasnoborsk,61.56,45.93,RU,1551656384,,,,,-5.91,69.0,0.0,3.06
8,zhaoyang,42.68,126.03,CN,1551656384,,,,,36.31,62.0,48.0,3.18
9,zapadnaya dvina,56.26,32.09,RU,1551656128,,,,,29.11,91.0,92.0,8.21
10,rtishchevo,52.26,43.79,RU,1551656385,,,,,23.44,91.0,88.0,17.72
12,wattegama,7.35,80.68,LK,1551656385,,,,,66.5,96.0,24.0,2.73
13,viking,53.1,-111.78,CA,1551656386,,,,,-2.13,78.0,0.0,11.23
15,djambala,-2.55,14.76,CG,1551656387,,,,,68.08,96.0,36.0,6.53
16,nara,34.68,135.8,JP,1551655865,,,,,51.01,100.0,75.0,2.24
17,casper,42.87,-106.31,US,1551656118,,,,,8.01,60.0,40.0,8.05
18,boone,36.22,-81.67,US,1551656343,,,,,46.99,100.0,1.0,0.38
19,kichera,55.93,110.1,RU,1551656388,,,,,7.1,70.0,0.0,2.95
20,ahraura,25.02,83.02,IN,1551652200,,,,,59.0,87.0,40.0,2.24
21,paso de los toros,-32.81,-56.52,UY,1551656389,,,,,71.77,64.0,0.0,12.46
22,coxim,-18.5,-54.75,BR,1551656389,,,,,77.35,75.0,12.0,3.29
23,monchegorsk,67.94,32.93,RU,1551656389,,,,,-9.6,64.0,32.0,2.39
24,morris,41.36,-88.42,US,1551656107,,,,,19.4,44.0,1.0,13.87
25,nevelsk,46.67,141.86,RU,1551654000,,,,,12.2,92.0,64.0,8.21
26,boundiali,9.53,-6.48,CI,1551656393,,,,,69.34,31.0,0.0,8.77
27,junagarh,19.86,82.94,IN,1551656394,,,,,66.1,96.0,24.0,2.51
28,stryn,61.9,6.72,NO,1551656359,,,,,37.99,92.0,0.0,14.99
29,atasu,48.68,71.64,KZ,1551656395,,,,,31.13,90.0,88.0,15.7
30,vinhedo,-23.03,-46.98,BR,1551655938,,,,,73.99,94.0,75.0,8.05
31,kalanguy,51.01,116.52,RU,1551656396,,,,,13.72,67.0,64.0,3.06
32,barpeta,26.33,91.01,IN,1551654000,,,,,64.4,77.0,75.0,3.36
33,tres arroyos,-38.38,-60.28,AR,1551656136,,,,,73.57,55.0,92.0,15.48
34,vung tau,10.35,107.08,VN,1551656397,,,,,76.99,100.0,0.0,7.2
35,leon,40.74,-93.75,US,1551655916,,,,,5.0,54.0,1.0,13.87
36,jinan,36.65,117.11,CN,1551656398,,,,,35.36,77.0,0.0,5.3
37,cherepanovo,54.23,83.37,RU,1551656398,,,,,29.78,91.0,80.0,10.45
38,petatlan,17.52,-101.27,MX,1551653340,,,,,86.0,66.0,5.0,11.41
39,villacarrillo,38.12,-3.08,ES,1551656399,,,,,40.9,85.0,8.0,5.53
40,bo phloi,14.32,99.52,TH,1551655957,,,,,86.0,70.0,0.0,3.62
41,nioaque,-21.16,-55.83,BR,1551656400,,,,,82.93,34.0,0.0,8.99
42,shirokiy,53.87,39.17,RU,1551656348,,,,,28.99,74.0,88.0,3.0
43,chornukhy,50.27,32.94,UA,1551656401,,,,,30.68,85.0,76.0,17.27
44,sao gabriel da cachoeira,-0.13,-67.09,BR,1551656156,,,,,76.72,92.0,20.0,2.28
45,east london,-33.02,27.91,ZA,1551656401,,,,,74.83,100.0,0.0,16.37
46,changtu,42.78,124.11,CN,1551656402,,,,,33.7,87.0,92.0,3.18
48,kyaikkami,16.08,97.57,MM,1551656402,,,,,71.05,87.0,0.0,2.95
49,zemio,5.02,25.13,CF,1551656412,,,,,68.08,74.0,12.0,2.84
50,simbahan,6.3,120.58,PH,1551656413,,,,,80.9,98.0,8.0,11.79
52,sungai udang,5.16,100.43,MY,1551654000,,,,,78.8,83.0,75.0,2.24
53,fare,-16.7,-151.02,PF,1551656414,,,,,83.33,100.0,80.0,2.62
54,omura,32.92,129.95,JP,1551656407,,,,,55.0,93.0,75.0,5.82
55,necochea,-38.55,-58.74,AR,1551656292,,,,,72.0,60.0,92.0,3.0
56,dongkan,34,119.83,CN,1551656415,,,,,38.56,80.0,0.0,3.62
57,upernavik,72.79,-56.15,GL,1551656415,,,,,8.95,100.0,32.0,3.29
58,jumla,29.28,82.18,NP,1551656317,,,,,11.33,100.0,0.0,2.28
59,calvinia,-31.47,19.78,ZA,1551656416,,,,,52.24,67.0,0.0,3.18
60,whitley bay,55.04,-1.44,GB,1551656015,,,,,42.01,100.0,75.0,10.29
61,vieques,18.43,-65.83,PR,1551656127,,,,,78.8,69.0,20.0,10.29
62,sretensk,52.24,117.7,RU,1551656417,,,,,12.28,68.0,68.0,2.51
63,two hills,53.71,-111.75,CA,1551656417,,,,,1.43,76.0,0.0,11.12
64,serra,-20.13,-40.31,BR,1551654000,,,,,82.4,83.0,20.0,8.05
65,marshall,39.39,-87.69,US,1551656130,,,,,27.0,67.0,75.0,10.29
66,namalenga,-10.95,39.1,TZ,1551656419,,,,,71.41,96.0,36.0,1.72
67,paredon,-18.93,-65.16,BO,1551656419,,,,,55.84,73.0,12.0,1.95
68,bondowoso,-7.91,113.82,ID,1551656422,,,,,77.3,89.0,24.0,3.18
69,killarney,-28.34,152.3,AU,1551656146,,,,,81.0,74.0,24.0,8.99
70,changde,29.04,111.68,CN,1551656423,,,,,41.3,89.0,76.0,1.95
71,swift current,50.29,-107.8,CA,1551654000,,,,,-4.01,70.0,1.0,24.16
72,kizhinga,51.85,109.91,RU,1551656424,,,,,11.06,69.0,32.0,3.18
73,kartaly,53.05,60.64,RU,1551656424,,,,,15.56,86.0,36.0,13.02
75,kearney,40.7,-99.08,US,1551656164,,,,,5.0,59.0,1.0,11.41
76,pontes e lacerda,-15.23,-59.33,BR,1551656425,,,,,79.15,84.0,0.0,2.84
77,velsk,61.07,42.1,RU,1551656425,,,,,10.57,83.0,68.0,4.29
78,amnat charoen,15.86,104.63,TH,1551656426,,,,,72.8,96.0,36.0,4.41
79,larap,14.3,122.65,PH,1551656426,,,,,77.62,100.0,68.0,11.01
80,bordighera,43.79,7.66,IT,1551656276,,,,,50.0,81.0,0.0,8.05
81,teresina,-5.09,-42.81,BR,1551654000,,,,,77.0,83.0,75.0,5.82
82,alamogordo,32.9,-105.96,US,1551656225,,,,,73.4,18.0,1.0,19.46
83,laiyang,36.98,120.7,CN,1551656015,,,,,45.0,50.0,0.0,2.73
84,lashma,54.93,41.14,RU,1551656428,,,,,10.57,77.0,0.0,8.88
85,patillas,18.01,-66.01,PR,1551656427,,,,,78.8,69.0,20.0,10.29
86,mogocha,53.73,119.76,RU,1551656429,,,,,19.12,82.0,88.0,3.51
87,sargatskoye,55.6,73.49,RU,1551656429,,,,,29.96,90.0,88.0,20.4
88,pine bluff,34.23,-92,US,1551655986,,,,,39.2,64.0,90.0,12.75
89,papillion,41.15,-96.04,US,1551656416,,,,,5.0,54.0,1.0,16.11
90,selaphum,16.03,103.94,TH,1551654000,,,,,75.2,94.0,40.0,4.41
91,siuna,13.73,-84.78,NI,1551656430,,,,,74.2,86.0,68.0,2.17
92,jesus del monte,19.11,-99.99,MX,1551653340,,,,,68.0,42.0,75.0,13.87
93,pocone,-16.26,-56.62,BR,1551656431,,,,,81.08,79.0,32.0,2.39
94,tipp city,39.96,-84.17,US,1551656419,,,,,28.4,92.0,90.0,6.93
95,qujing,25.49,103.8,CN,1551656432,,,,,51.61,65.0,24.0,13.24
96,severodvinsk,64.56,39.82,RU,1551654000,,,,,6.8,84.0,90.0,2.24
97,ashford,51.15,0.87,GB,1551656321,,,,,50.0,93.0,88.0,24.16
98,bouca,6.51,18.28,CF,1551656433,,,,,71.63,84.0,68.0,3.96
99,san onofre,9.74,-75.52,CO,1551656433,,,,,81.58,79.0,0.0,8.21
100,west odessa,31.84,-102.48,US,1551654900,,,,,32.0,59.0,0.0,12.75
101,tierralta,8.17,-76.06,CO,1551656434,,,,,82.39,73.0,24.0,11.01
102,bethalto,38.91,-90.04,US,1551656244,,,,,21.2,67.0,1.0,18.34
103,la poza,-32.7,-70.91,CL,1551656434,,,,,72.0,72.0,0.0,6.93
104,fairfield,38.25,-122.04,US,1551656431,,,,,62.01,77.0,90.0,12.75
105,rokytne,51.27,27.23,UA,1551656436,,,,,41.75,91.0,92.0,17.83
106,uch,45.32,-0.93,FR,1551656404,,,,,62.6,39.0,0.0,17.22
107,telde,27.99,-15.42,ES,1551656436,,,,,64.4,63.0,20.0,18.34
108,amarpur,23.52,91.65,IN,1551656437,,,,,57.23,88.0,44.0,2.28
109,ankazoabo,-22.29,44.51,MG,1551656438,,,,,70.15,92.0,48.0,3.29
110,guarare,7.82,-80.28,PA,1551656438,,,,,84.41,56.0,0.0,14.14
111,sesheke,-17.47,24.29,NA,1551656438,,,,,72.98,74.0,8.0,2.17
112,srednyaya yelyuzan,53.02,45.95,RU,1551655715,,,,,26.01,93.0,76.0,17.38
113,ballina,54.11,-9.15,IE,1551656292,,,,,41.0,83.0,48.0,3.0
114,hecelchakan,20.17,-90.13,MX,1551653160,,,,,86.0,58.0,5.0,6.93
115,amapa,15.09,-87.97,HN,1551654000,,,,,84.2,66.0,20.0,17.22
116,olavarria,-36.89,-60.32,AR,1551656411,,,,,64.0,90.0,92.0,3.18
117,bela vista de goias,-16.97,-48.95,BR,1551654000,,,,,77.0,78.0,75.0,3.36
118,maralal,1.1,36.7,KE,1551656442,,,,,53.81,91.0,0.0,2.62
119,brcko,44.87,18.81,BA,1551654000,,,,,37.4,61.0,0.0,1.12
120,paradise valley,53.03,-110.3,CA,1551654000,,,,,1.4,59.0,20.0,17.22
121,bayangol,48.91,106.09,MN,1551656443,,,,,16.01,70.0,0.0,2.84
122,la plata,-34.92,-57.95,AR,1551656140,,,,,77.0,69.0,0.0,13.87
123,corowa,-36,146.39,AU,1551655914,,,,,89.01,30.0,0.0,3.36
124,spas,50.05,24.48,UA,1551654000,,,,,42.8,70.0,90.0,11.18
125,almeria,36.84,-2.46,ES,1551655945,,,,,53.6,100.0,90.0,2.24
126,piet retief,-27.01,30.81,ZA,1551655863,,,,,61.55,95.0,92.0,2.73
128,orodara,10.98,-4.92,BF,1551654000,,,,,77.0,23.0,0.0,6.93
129,kozhevnikovo,56.26,83.98,RU,1551656418,,,,,30.99,82.0,80.0,11.01
130,russkaya polyana,53.78,73.88,RU,1551656449,,,,,27.8,86.0,8.0,17.83
131,nueve de julio,-31.67,-68.39,AR,1551656449,,,,,78.79,42.0,0.0,1.95
132,bokhan,53.15,103.77,RU,1551656449,,,,,5.93,61.0,20.0,2.39
133,jashpurnagar,22.88,84.14,IN,1551656450,,,,,56.6,91.0,24.0,2.62
134,sheopur,25.67,76.7,IN,1551656450,,,,,51.7,92.0,0.0,3.62
135,manvi,16,77.05,IN,1551656451,,,,,66.28,62.0,0.0,6.08
136,jingdezhen,29.29,117.2,CN,1551656451,,,,,39.41,82.0,0.0,3.18
137,barbastro,42.04,0.13,ES,1551656117,,,,,51.8,53.0,0.0,4.7
138,marondera,-18.19,31.55,ZW,1551656455,,,,,58.31,82.0,0.0,2.95
139,katsuura,33.93,134.5,JP,1551655483,,,,,50.0,100.0,90.0,4.7
140,kargat,55.19,80.28,RU,1551656456,,,,,29.51,89.0,88.0,18.61
141,wembley,51.55,-0.3,GB,1551656158,,,,,48.99,76.0,80.0,14.99
142,poddorye,57.47,31.12,RU,1551656457,,,,,21.64,83.0,88.0,11.9
143,izamal,20.93,-89.02,MX,1551653220,,,,,95.0,26.0,20.0,10.29
144,fushe-arrez,42.06,20.02,AL,1551656458,,,,,28.66,89.0,0.0,2.39
146,qasigiannguit,68.82,-51.19,GL,1551653400,,,,,19.4,79.0,64.0,4.7
147,sao felix do xingu,-6.64,-51.99,BR,1551656459,,,,,75.37,92.0,32.0,3.4
148,gualaco,15.03,-86.07,HN,1551656460,,,,,73.88,63.0,32.0,1.95
149,owando,-0.49,15.91,CG,1551656460,,,,,74.6,93.0,12.0,2.17
150,marsa matruh,31.35,27.25,EG,1551656461,,,,,55.03,77.0,92.0,6.87
151,yenotayevka,47.24,47.04,RU,1551656461,,,,,25.55,90.0,44.0,14.81
152,sinnamary,5.38,-52.96,GF,1551656462,,,,,80.63,88.0,92.0,12.35
153,jati,24.35,68.27,PK,1551655534,,,,,55.48,92.0,0.0,7.31
154,hithadhoo,-0.6,73.08,MV,1551656463,,,,,83.6,99.0,88.0,11.23
155,shuangcheng,45.37,126.3,CN,1551650400,,,,,19.4,62.0,24.0,2.24
156,el dorado,6.71,-61.64,VE,1551656464,,,,,78.79,65.0,36.0,3.96
158,silver city,32.77,-108.28,US,1551656411,,,,,62.6,29.0,1.0,17.22
159,prachatice,49.01,14,CZ,1551656117,,,,,46.99,75.0,48.0,1.01
160,balila,32.38,35.93,JO,1551654000,,,,,44.6,81.0,36.0,4.63
161,vieux-habitants,16.06,-61.77,GP,1551655800,,,,,77.0,73.0,0.0,8.05
162,ereymentau,51.62,73.1,KZ,1551655528,,,,,30.91,90.0,56.0,9.78
163,zacatlan,19.93,-97.97,MX,1551656466,,,,,74.11,26.0,0.0,2.84
165,dingle,11,122.67,PH,1551656467,,,,,77.62,84.0,56.0,8.1
166,alyangula,-13.85,136.42,AU,1551654000,,,,,84.2,83.0,12.0,7.99
168,brandon,43.59,-96.57,US,1551656312,,,,,-2.01,64.0,1.0,19.46
170,tieli,46.98,128.05,CN,1551656469,,,,,26.95,57.0,0.0,2.62
171,ranfurly,53.41,-111.68,CA,1551656469,,,,,-2.13,78.0,0.0,11.23
172,yelan,50.95,43.74,RU,1551656047,,,,,25.0,84.0,88.0,5.01
173,baghmara,23.8,86.21,IN,1551656470,,,,,63.26,95.0,56.0,0.72
174,zhucheng,30.85,114.8,CN,1551654000,,,,,42.8,87.0,0.0,8.95
175,waipawa,-39.94,176.59,NZ,1551656356,,,,,75.0,51.0,0.0,7.0
176,hengshan,23.54,112.37,CN,1551656471,,,,,60.79,99.0,92.0,3.51
177,orangeburg,33.49,-80.86,US,1551656410,,,,,66.99,93.0,90.0,13.87
178,kyabe,9.45,18.94,TD,1551656472,,,,,77.21,28.0,24.0,9.22
179,dubbo,-32.25,148.6,AU,1551654000,,,,,80.6,39.0,0.0,17.22
180,yatou,3.63,9.81,CM,1551654000,,,,,78.8,100.0,75.0,2.24
181,dauriya,49.93,116.85,RU,1551656473,,,,,18.08,69.0,56.0,5.41
182,priiskovyy,51.93,116.63,RU,1551656476,,,,,17.32,68.0,36.0,5.41
183,olden,61.84,6.81,NO,1551656359,,,,,37.99,92.0,0.0,14.99
184,crixas,-14.55,-49.97,BR,1551656323,,,,,73.57,90.0,68.0,3.18
185,balotra,25.83,72.24,IN,1551656481,,,,,56.02,93.0,0.0,8.77
186,gandajika,-6.75,23.95,CD,1551656481,,,,,71.45,97.0,68.0,3.4
187,dickinson,46.88,-102.79,US,1551656110,,,,,-1.0,64.0,20.0,27.51
188,dikson,73.51,80.55,RU,1551656471,,,,,-5.14,95.0,36.0,24.32
189,thai binh,20.45,106.33,VN,1551654000,,,,,73.4,78.0,75.0,4.7
190,blackfoot,43.19,-112.35,US,1551656471,,,,,33.8,55.0,20.0,6.93
191,del rio,29.36,-100.9,US,1551653880,,,,,53.6,71.0,90.0,13.87
192,karatau,43.18,70.46,KZ,1551656432,,,,,34.0,51.0,36.0,3.0
194,baoro,5.69,15.95,CF,1551656483,,,,,67.58,98.0,80.0,3.18
195,ambalavao,-21.83,46.94,MG,1551656484,,,,,63.94,99.0,88.0,2.39
197,palora,-1.7,-77.97,EC,1551654000,,,,,77.0,73.0,40.0,2.24
198,markova,52.21,104.21,RU,1551656430,,,,,21.0,92.0,0.0,2.17
200,erenhot,43.65,111.97,CN,1551656485,,,,,13.58,62.0,20.0,2.17
201,hoopstad,-27.83,25.91,ZA,1551656486,,,,,63.53,84.0,0.0,3.18
202,dabhol,17.6,73.17,IN,1551656486,,,,,68.66,100.0,0.0,7.31
205,moroto,2.53,34.66,UG,1551656487,,,,,58.63,88.0,8.0,2.39
206,artesia,32.84,-104.4,US,1551654900,,,,,33.8,52.0,90.0,14.99
208,solvychegodsk,61.33,46.92,RU,1551656488,,,,,-7.39,74.0,0.0,3.51
209,safonovo,55.11,33.24,RU,1551656488,,,,,29.47,95.0,92.0,9.78
210,saint john,45.28,-66.06,CA,1551656328,,,,,28.4,68.0,40.0,8.05
211,tocache,-8.19,-76.51,PE,1551656489,,,,,62.0,93.0,44.0,0.72
212,kalaiya,27.03,85,NP,1551656489,,,,,50.17,87.0,8.0,3.06
213,wahpeton,46.27,-96.61,US,1551656425,,,,,-1.0,70.0,40.0,13.87
214,elk city,35.41,-99.4,US,1551656051,,,,,26.6,57.0,40.0,23.04
215,vermillion,42.78,-96.93,US,1551656462,,,,,1.4,49.0,1.0,16.11
217,santa catarina de tepehuanes,25.34,-105.72,MX,1551656491,,,,,75.64,14.0,0.0,9.22
218,lebanon,43.64,-72.25,US,1551656240,,,,,34.0,50.0,90.0,3.36
219,palimbang,14.9,120.78,PH,1551656241,,,,,79.0,88.0,75.0,4.7
220,papara,-3.98,-38.73,BR,1551656293,,,,,81.0,78.0,20.0,3.36
221,enkoping,59.64,17.08,SE,1551656470,,,,,30.99,92.0,88.0,6.93
223,dalvik,57.79,14.13,SE,1551656404,,,,,37.99,93.0,92.0,4.7
224,palmas bellas,9.23,-80.09,PA,1551656401,,,,,84.2,62.0,20.0,8.05
225,lena,32.59,-89.61,US,1551656108,,,,,44.6,93.0,90.0,10.29
226,posse,-14.08,-46.36,BR,1551656494,,,,,70.69,87.0,76.0,3.62
228,jaguarari,-10.26,-40.2,BR,1551656495,,,,,72.71,83.0,76.0,6.76
229,marawi,8,124.29,PH,1551655891,,,,,75.99,83.0,0.0,5.01
230,san fernando,10.28,-61.46,TT,1551656407,,,,,75.2,88.0,75.0,10.29
231,gistrup,56.99,9.99,DK,1551656336,,,,,41.0,95.0,92.0,10.67
232,freetown,26.61,-78.36,BS,1551654000,,,,,77.0,83.0,40.0,10.29
233,vangaindrano,-23.35,47.6,MG,1551656498,,,,,73.21,90.0,80.0,2.17
234,zvenigovo,55.97,48.02,RU,1551654000,,,,,19.4,92.0,75.0,8.95
235,suslovo,56.22,88.12,RU,1551656499,,,,,30.91,87.0,88.0,9.22
236,schruns,47.08,9.92,AT,1551656416,,,,,48.0,75.0,20.0,1.12
237,gangelt,50.99,6,NL,1551656499,,,,,55.99,71.0,90.0,25.28
238,agnibilekrou,7.13,-3.2,CI,1551656500,,,,,73.75,64.0,0.0,2.17
239,southbridge,42.08,-72.03,US,1551656471,,,,,37.4,59.0,90.0,10.29
240,seguela,7.96,-6.67,CI,1551656504,,,,,75.46,36.0,8.0,6.76
241,anuradhapura,8.34,80.41,LK,1551656504,,,,,68.71,91.0,0.0,3.4
242,mwandiga,-4.84,29.66,TZ,1551656505,,,,,72.67,100.0,80.0,3.85
243,sangmelima,2.93,11.98,CM,1551656505,,,,,71.05,94.0,24.0,2.95
244,aurillac,44.93,2.44,FR,1551655835,,,,,55.99,60.0,0.0,9.17
245,gorodishche,53.27,45.7,RU,1551655715,,,,,26.01,93.0,80.0,11.01
246,taree,-31.91,152.46,AU,1551655804,,,,,80.01,54.0,12.0,11.41
247,amazar,53.86,120.88,RU,1551656507,,,,,17.77,79.0,80.0,2.73
248,kluczbork,50.97,18.21,PL,1551656508,,,,,46.66,74.0,80.0,12.8
250,nevers,46.99,3.16,FR,1551656464,,,,,57.2,47.0,0.0,12.75
251,cheremkhovo,53.15,103.07,RU,1551656509,,,,,8.0,56.0,32.0,2.95
252,koeru,58.97,26.03,EE,1551656286,,,,,25.0,80.0,92.0,5.01
253,krasnovka,48.37,40.26,RU,1551656510,,,,,23.26,79.0,44.0,13.02
254,williamsport,41.25,-77,US,1551656412,,,,,30.99,92.0,90.0,2.51
256,jiwani,25.05,61.74,PK,1551656514,,,,,60.07,94.0,0.0,5.53
257,rudnogorsk,57.27,103.75,RU,1551656514,,,,,1.12,59.0,0.0,2.51
258,salalah,17.01,54.1,OM,1551653400,,,,,75.2,64.0,20.0,5.82
259,praxedis guerrero,31.37,-106.02,MX,1551655939,,,,,75.99,19.0,1.0,16.11
260,darbhanga,26.16,85.9,IN,1551656519,,,,,53.14,91.0,20.0,4.74
261,castlemaine,52.17,-9.7,IE,1551656519,,,,,37.57,98.0,12.0,4.63
262,fram,46.45,15.64,SI,1551656469,,,,,46.4,74.0,24.0,2.24
263,singaraja,-8.11,115.08,ID,1551656520,,,,,75.64,100.0,24.0,1.39
264,thanh hoa,10.21,106.33,VN,1551654000,,,,,71.6,94.0,20.0,4.7
265,tikrit,34.62,43.68,IQ,1551656521,,,,,48.1,71.0,88.0,6.64
266,riga,56.95,24.11,LV,1551656203,,,,,39.2,93.0,75.0,9.17
267,san alberto,-24.98,-54.91,PY,1551654000,,,,,80.6,51.0,0.0,4.7
268,keta,5.92,0.99,GH,1551654000,,,,,84.2,83.0,20.0,9.17
269,mtwara,-10.28,40.18,TZ,1551656522,,,,,80.59,100.0,68.0,3.96
270,maraa,-1.83,-65.37,BR,1551656523,,,,,79.96,85.0,0.0,4.18
271,bailieborough,53.92,-6.97,IE,1551656404,,,,,37.99,87.0,80.0,3.0
272,thunder bay,48.41,-89.26,CA,1551655890,,,,,3.2,41.0,20.0,12.75
273,lapy,52.99,22.88,PL,1551656491,,,,,46.0,95.0,92.0,17.83
275,sarakhs,36.54,61.16,TM,1551654000,,,,,48.2,66.0,12.0,4.7
276,pawai,24.27,80.17,IN,1551656528,,,,,53.9,85.0,20.0,3.4
277,jatai,28.97,76.18,IN,1551656528,,,,,56.02,90.0,24.0,3.4
278,chapleau,47.85,-83.4,CA,1551654000,,,,,5.0,65.0,75.0,9.17
279,kirkland lake,48.15,-80.03,CA,1551654000,,,,,10.4,55.0,40.0,8.05
280,sulangan,11.14,123.72,PH,1551656529,,,,,80.32,99.0,8.0,12.46
281,warwick,41.7,-71.42,US,1551656386,,,,,37.4,74.0,90.0,8.05
283,innisfail,52.02,-113.95,CA,1551656416,,,,,8.01,42.0,20.0,4.7
284,darnah,32.77,22.64,LY,1551656531,,,,,60.61,99.0,80.0,8.88
285,lulea,65.58,22.15,SE,1551655200,,,,,-0.41,84.0,0.0,3.18
286,yangmei,24.91,121.15,TW,1551656415,,,,,63.0,93.0,75.0,9.17
287,ivankiv,50.93,29.9,UA,1551656425,,,,,37.99,55.0,92.0,13.42
288,minab,27.15,57.07,IR,1551654000,,,,,57.2,87.0,0.0,7.31
289,borovskoy,53.8,64.15,KZ,1551656535,,,,,22.0,89.0,80.0,16.93
290,lappeenranta,61.06,28.19,FI,1551656363,,,,,19.4,79.0,90.0,4.7
291,linkuva,56.09,23.97,LT,1551653400,,,,,35.6,100.0,40.0,12.75
292,tocopilla,-22.09,-70.2,CL,1551656536,,,,,66.91,83.0,12.0,5.86
293,kafanchan,9.58,8.3,NG,1551656537,,,,,66.19,81.0,0.0,2.39
294,si sa ket,15.12,104.33,TH,1551655800,,,,,78.8,69.0,24.0,5.82
295,jupiter,26.93,-80.09,US,1551656372,,,,,79.0,73.0,1.0,4.7
296,kortkeros,61.81,51.56,RU,1551656253,,,,,-0.41,91.0,0.0,4.47
297,parintins,-2.63,-56.73,BR,1551656538,,,,,81.31,72.0,44.0,3.51
298,nijar,36.97,-2.21,ES,1551655945,,,,,53.6,100.0,90.0,2.24
299,gorom-gorom,14.45,-0.24,BF,1551656539,,,,,59.21,58.0,0.0,3.85
300,pembroke,45.82,-77.11,CA,1551655917,,,,,25.0,85.0,90.0,5.53
301,yarega,63.43,53.58,RU,1551656540,,,,,2.2,84.0,64.0,4.85
302,bainbridge,30.9,-84.58,US,1551656474,,,,,75.2,78.0,80.0,19.73
303,chiang khong,20.27,100.41,LA,1551656325,,,,,73.0,100.0,0.0,3.36
304,orlovskiy,46.87,42.05,RU,1551656541,,,,,23.66,86.0,0.0,11.01
305,petrov val,50.14,45.21,RU,1551656541,,,,,20.96,86.0,92.0,16.71
306,kalaleh,37.38,55.49,IR,1551654000,,,,,48.2,93.0,92.0,3.36
307,lukhovitsy,54.97,39.03,RU,1551656311,,,,,18.0,93.0,20.0,1.99
308,vardo,39.62,-77.74,US,1551656385,,,,,34.0,94.0,90.0,9.17
309,snyder,32.72,-100.92,US,1551656405,,,,,33.8,56.0,1.0,17.22
310,coos bay,43.37,-124.22,US,1551656428,,,,,52.0,66.0,1.0,18.34
311,fryazino,55.95,38.06,RU,1551654000,,,,,21.2,92.0,0.0,2.24
312,kingsland,30.8,-81.69,US,1551656405,,,,,80.6,88.0,40.0,12.35
313,esperance,10.24,-61.45,TT,1551656407,,,,,75.2,88.0,75.0,10.29
314,srednebelaya,50.66,128.01,RU,1551654000,,,,,15.8,72.0,20.0,4.63
315,washougal,45.58,-122.35,US,1551656536,,,,,43.0,32.0,1.0,17.22
316,ahero,-0.17,34.92,KE,1551656545,,,,,62.32,85.0,0.0,4.85
317,sombrio,-29.11,-49.63,BR,1551656545,,,,,74.51,92.0,88.0,5.64
318,hudson bay,52.86,-102.4,CA,1551656548,,,,,4.31,59.0,48.0,7.76
319,fecamp,49.76,0.37,FR,1551656402,,,,,54.0,81.0,75.0,20.8
320,balakovo,52.02,47.82,RU,1551656549,,,,,21.05,86.0,80.0,17.27
321,dire,9.18,38.92,ET,1551654000,,,,,60.8,77.0,40.0,9.17
323,pryyutivka,48.72,33.07,UA,1551656550,,,,,26.32,85.0,12.0,13.35
324,port pirie,-33.18,138.01,AU,1551654000,,,,,73.4,69.0,44.0,9.17
325,rabak,13.18,32.74,SD,1551656551,,,,,70.6,22.0,0.0,13.24
326,chitungwiza,-18.01,31.07,ZW,1551656551,,,,,61.96,80.0,0.0,4.74
327,goundam,16.42,-3.66,ML,1551656552,,,,,61.28,42.0,0.0,8.43
328,hoquiam,46.98,-123.89,US,1551656528,,,,,50.0,31.0,1.0,10.29
329,marquette,46.54,-87.4,US,1551655885,,,,,6.8,42.0,5.0,9.17
330,pudozh,61.81,36.54,RU,1551656517,,,,,8.0,72.0,76.0,2.95
331,michigan city,41.71,-86.9,US,1551656523,,,,,21.2,48.0,40.0,6.93
332,veliki preslav,43.16,26.81,BG,1551656098,,,,,24.61,77.0,0.0,2.62
333,dzerzhinsk,56.24,43.46,RU,1551655871,,,,,24.8,79.0,90.0,8.95
334,manaia,-39.55,174.12,NZ,1551656278,,,,,71.01,55.0,0.0,5.01
335,zonguldak,41.25,31.83,TR,1551656557,,,,,31.18,97.0,0.0,2.84
336,joshimath,30.57,79.57,IN,1551656558,,,,,6.52,96.0,44.0,0.6
337,mankono,8.06,-6.19,CI,1551656558,,,,,76.36,38.0,12.0,5.64
338,fort-shevchenko,44.51,50.26,KZ,1551656559,,,,,29.96,100.0,12.0,5.08
339,villa literno,41.01,14.08,IT,1551656523,,,,,55.0,87.0,0.0,2.24
340,olyka,50.73,25.81,UA,1551654637,,,,,41.0,78.0,92.0,1.01
341,dzialdowo,53.24,20.17,PL,1551656563,,,,,44.81,94.0,92.0,18.61
342,carpentras,44.06,5.05,FR,1551656452,,,,,50.0,75.0,0.0,4.7
343,batticaloa,7.71,81.69,LK,1551656557,,,,,75.95,100.0,8.0,0.94
344,koutsouras,35.03,25.95,GR,1551656122,,,,,55.99,62.0,0.0,8.01
345,stulovo,55.85,38.31,RU,1551654000,,,,,21.2,92.0,0.0,4.47
346,sarandi,-27.94,-52.92,BR,1551656565,,,,,68.98,67.0,0.0,9.78
347,juybar,36.64,52.91,IR,1551656566,,,,,48.37,98.0,92.0,5.86
348,svolvaer,68.23,14.57,NO,1551655883,,,,,19.99,73.0,88.0,7.0
349,chumphon,10.5,99.18,TH,1551654000,,,,,75.2,100.0,75.0,1.12
350,grand gaube,-20.01,57.66,MU,1551656347,,,,,80.6,78.0,40.0,8.05
351,valley,53.28,-4.56,GB,1551656116,,,,,42.8,81.0,80.0,23.04
352,wuzhou,23.48,111.3,CN,1551656567,,,,,61.91,95.0,92.0,3.62
353,concepcion del uruguay,-32.48,-58.24,AR,1551656457,,,,,81.0,68.0,24.0,5.99
354,venado tuerto,-33.75,-61.97,AR,1551656409,,,,,67.58,96.0,76.0,8.21
355,muzhi,65.4,64.7,RU,1551656568,,,,,0.04,73.0,76.0,21.74
356,sibolga,1.74,98.78,ID,1551656149,,,,,67.18,100.0,0.0,2.17
357,kawambwa,-9.8,29.07,ZM,1551656569,,,,,65.78,99.0,36.0,3.85
358,manitowoc,44.09,-87.66,US,1551656408,,,,,8.6,42.0,1.0,16.11
359,suoyarvi,62.08,32.35,RU,1551656570,,,,,11.74,73.0,68.0,3.62
360,przasnysz,53.02,20.88,PL,1551656464,,,,,46.99,93.0,90.0,13.87
361,san pedro de ycuamandiyu,-24.09,-57.08,PY,1551656570,,,,,82.7,48.0,0.0,6.08
362,bad wildungen,51.12,9.13,DE,1551656561,,,,,53.01,76.0,75.0,14.99
363,traipu,-9.97,-37,BR,1551656151,,,,,78.07,80.0,56.0,10.11
364,tucuman,-17.17,-70.89,PE,1551656534,,,,,64.12,62.0,0.0,2.51
365,khoy,38.55,44.95,IR,1551656571,,,,,24.16,80.0,80.0,2.73
366,griffith,-34.29,146.06,AU,1551655816,,,,,91.0,27.0,32.0,12.75
367,timberlake,32.26,-81.31,US,1551656524,,,,,71.6,88.0,90.0,10.29
368,pacific grove,36.62,-121.92,US,1551656562,,,,,59.0,93.0,90.0,10.29
370,pleszew,51.9,17.79,PL,1551656522,,,,,51.01,78.0,92.0,5.99
371,rathdrum,52.93,-6.23,IE,1551656318,,,,,37.0,100.0,75.0,14.99
372,malangali,-8.57,34.85,TZ,1551656577,,,,,61.91,94.0,80.0,2.06
373,berezayka,57.99,33.91,RU,1551656292,,,,,11.74,72.0,76.0,2.39
374,gizo,31.8,34.94,IL,1551656344,,,,,53.6,62.0,75.0,8.05
375,tamworth,-31.09,150.93,AU,1551655927,,,,,78.01,44.0,0.0,2.24
376,kilosa,-6.84,36.99,TZ,1551656579,,,,,67.72,94.0,36.0,2.39
377,yilan,24.75,121.75,TW,1551656498,,,,,68.0,93.0,75.0,3.36
378,tolosa,43.14,-2.07,ES,1551656536,,,,,71.6,18.0,0.0,20.8
379,maceio,-9.67,-35.74,BR,1551654000,,,,,78.8,78.0,40.0,6.93
380,port shepstone,-30.74,30.45,ZA,1551656580,,,,,73.12,89.0,32.0,17.38
381,jaleswar,21.8,87.22,IN,1551656580,,,,,65.78,100.0,12.0,1.39
382,voghera,44.99,9.01,IT,1551656572,,,,,55.4,66.0,0.0,6.93
383,burla,53.34,78.33,RU,1551656581,,,,,28.16,86.0,12.0,15.59
384,gori,41.99,44.11,GE,1551656581,,,,,12.73,80.0,0.0,1.72
385,agirish,61.92,63.02,RU,1551656359,,,,,9.49,73.0,80.0,7.65
386,beya,53.05,90.92,RU,1551656582,,,,,23.98,87.0,88.0,1.72
387,maturin,9.75,-63.18,VE,1551656582,,,,,81.58,55.0,80.0,9.44
388,lydenburg,-25.1,30.46,ZA,1551656253,,,,,73.0,95.0,92.0,2.17
389,puteyets,65.17,57.09,RU,1551656583,,,,,-4.29,77.0,20.0,7.43
391,colborne,44.01,-77.89,CA,1551656436,,,,,27.0,73.0,90.0,12.75
392,kardla,58.44,26.57,EE,1551656477,,,,,28.0,100.0,90.0,11.41
395,blagoevgrad,42.01,23.09,BG,1551656142,,,,,24.01,77.0,0.0,1.01
396,barcelos,41.53,-8.62,PT,1551656518,,,,,57.2,100.0,75.0,5.82
397,illela,12.39,4.75,NG,1551656589,,,,,74.47,33.0,36.0,4.18
398,labytnangi,66.66,66.39,RU,1551656590,,,,,1.84,77.0,68.0,24.65
399,jinka,5.79,36.57,ET,1551656590,,,,,63.53,72.0,8.0,1.61
400,guiyang,26.58,106.71,CN,1551654000,,,,,55.4,82.0,90.0,6.71
401,guilin,25.28,110.29,CN,1551654000,,,,,48.2,87.0,90.0,4.47
402,smirnykh,49.74,142.83,RU,1551656591,,,,,12.64,70.0,20.0,3.74
403,rio tercero,-32.17,-64.11,AR,1551656592,,,,,72.85,84.0,44.0,6.64
404,kasungu,-13.04,33.48,MW,1551656595,,,,,59.98,93.0,32.0,1.83
405,esil,51.96,66.41,KZ,1551656596,,,,,21.91,81.0,48.0,16.26
406,kariya,34.97,137,JP,1551656508,,,,,51.01,93.0,75.0,5.82
408,carambei,-24.92,-50.1,BR,1551656425,,,,,71.45,73.0,24.0,7.65
409,spanish town,18,-76.95,JM,1551654000,,,,,80.6,54.0,75.0,16.11
411,plerin,48.54,-2.78,FR,1551656591,,,,,51.8,81.0,36.0,25.28
413,guanhaes,-18.77,-42.93,BR,1551656598,,,,,70.91,73.0,64.0,4.07
414,bedford,52.14,-0.47,GB,1551656253,,,,,48.99,75.0,90.0,18.34
415,la ciotat,43.17,5.6,FR,1551656591,,,,,53.01,70.0,0.0,8.05
416,black river,18.03,-77.85,JM,1551655851,,,,,77.0,83.0,75.0,5.82
417,ust-barguzin,53.41,109.03,RU,1551656066,,,,,20.51,86.0,88.0,2.51
418,ocean city,30.44,-86.61,US,1551656542,,,,,66.99,93.0,90.0,5.82
419,uvalde,29.21,-99.79,US,1551656581,,,,,53.6,70.0,90.0,12.75
420,yuzhno-kurilsk,44.03,145.86,RU,1551656601,,,,,30.41,99.0,44.0,11.79
421,qaanaaq,77.48,-69.36,GL,1551656442,,,,,-6.67,85.0,0.0,10.45
422,san mateo del mar,16.21,-94.98,MX,1551656602,,,,,84.19,82.0,0.0,11.01
424,yenagoa,4.92,6.26,NG,1551656602,,,,,77.48,89.0,68.0,6.76
425,mangaratiba,-22.96,-44.04,BR,1551654000,,,,,77.0,94.0,90.0,10.29
426,kuching,1.56,110.34,MY,1551654000,,,,,77.0,94.0,75.0,1.5
427,hong gai,20.96,107.09,VN,1551654000,,,,,73.4,78.0,75.0,4.7
428,staden,50.97,3.01,BE,1551656558,,,,,54.0,76.0,92.0,23.04
430,hue,16.47,107.58,VN,1551654000,,,,,77.0,100.0,75.0,4.7
431,podosinovets,60.28,47.06,RU,1551656607,,,,,7.96,71.0,24.0,4.74
433,kavali,14.91,79.99,IN,1551656517,,,,,74.51,89.0,0.0,8.21
434,uray,60.13,64.8,RU,1551656611,,,,,16.28,79.0,88.0,9.89
435,sumbawanga,-7.95,31.62,TZ,1551656611,,,,,67.54,100.0,92.0,3.85
436,durant,33.99,-96.37,US,1551656569,,,,,30.2,68.0,90.0,14.99
437,palauig,15.44,119.9,PH,1551656612,,,,,75.5,87.0,0.0,4.29
438,lyubech,51.7,30.66,UA,1551656612,,,,,40.45,90.0,92.0,19.17
439,znamenskoye,57.13,73.82,RU,1551656161,,,,,30.05,87.0,64.0,20.85
440,bogalusa,30.79,-89.85,US,1551656597,,,,,57.99,82.0,90.0,14.99
441,nicoya,10.15,-85.45,CR,1551654000,,,,,87.8,52.0,20.0,14.99
442,salisbury,51.07,-1.8,GB,1551656583,,,,,48.99,75.0,20.0,11.41
443,dongobesh,-4.07,35.37,TZ,1551656617,,,,,58.27,98.0,68.0,1.72
444,farah,32.37,62.11,AF,1551656617,,,,,40.18,89.0,0.0,3.06
445,leh,34.16,77.58,IN,1551656602,,,,,-5.37,73.0,68.0,1.39
446,bandipur,11.67,76.63,IN,1551656618,,,,,66.19,91.0,12.0,1.72
447,landsberg,51.53,12.16,DE,1551656603,,,,,51.8,66.0,0.0,21.92
448,freeport,26.54,-78.7,BS,1551654000,,,,,77.0,83.0,40.0,10.29
449,mpongwe,-13.51,28.16,ZM,1551656619,,,,,69.43,59.0,0.0,6.98
450,issoudun,46.95,1.99,FR,1551655813,,,,,57.2,47.0,0.0,16.11
451,meyzieu,45.78,5,FR,1551656547,,,,,57.2,41.0,0.0,25.28
452,sontra,51.07,9.94,DE,1551656561,,,,,52.0,76.0,75.0,14.99
453,mana,43.52,20.24,RS,1551654000,,,,,37.4,92.0,0.0,2.17
454,akureyri,65.68,-18.09,IS,1551654000,,,,,33.8,69.0,75.0,19.46
455,poletayevo,55.04,61.11,RU,1551656404,,,,,16.0,72.0,40.0,17.9
456,ilinskoye-khovanskoye,56.97,39.77,RU,1551654000,,,,,23.0,85.0,90.0,11.18
457,razole,16.48,81.84,IN,1551656623,,,,,79.96,100.0,0.0,13.02
459,north auburn,47.34,-122.23,US,1551656620,,,,,48.2,23.0,1.0,3.36
460,zatoka,50.04,20.52,PL,1551656440,,,,,48.99,70.0,0.0,8.05
461,svit,49.06,20.2,SK,1551656408,,,,,42.8,70.0,20.0,14.99
463,yakeshi,49.28,120.73,CN,1551656624,,,,,16.33,70.0,36.0,5.64
465,kati,12.75,-8.07,ML,1551654000,,,,,73.4,16.0,0.0,4.7
466,nizhniy ufaley,55.91,59.99,RU,1551656626,,,,,13.63,65.0,0.0,11.23
467,bozhou,33.86,115.78,CN,1551656111,,,,,37.03,85.0,0.0,5.41
468,angouleme,45.65,0.15,FR,1551656456,,,,,62.6,39.0,0.0,17.22
469,tral,33.93,75.11,IN,1551656627,,,,,27.8,92.0,88.0,0.49
470,abramovka,51.19,41.01,RU,1551656627,,,,,24.61,88.0,92.0,16.04
471,rockport,28.02,-97.05,US,1551656617,,,,,55.4,76.0,90.0,25.28
472,savelugu,9.63,-0.83,GH,1551656629,,,,,77.26,26.0,0.0,8.21
473,kadoma,-18.34,29.91,ZW,1551656629,,,,,66.86,81.0,0.0,8.77
474,crateus,-5.18,-40.68,BR,1551656407,,,,,70.51,94.0,88.0,3.74
475,warrington,53.39,-2.59,GB,1551656525,,,,,43.0,86.0,75.0,24.16
476,recodo,13.03,121.49,PH,1551656630,,,,,73.75,100.0,68.0,1.39
477,port said,25.34,30.55,EG,1551656630,,,,,44.23,50.0,0.0,4.97
478,seydisehir,37.42,31.85,TR,1551656630,,,,,29.96,89.0,36.0,1.39
479,novoagansk,61.94,76.66,RU,1551656631,,,,,27.85,76.0,80.0,13.47
480,lere,9.66,14.23,TD,1551656631,,,,,88.06,31.0,100.0,7.2
481,lenger,42.18,69.89,KZ,1551654000,,,,,39.2,80.0,8.0,11.18
482,mandapeta,16.87,81.93,IN,1551656632,,,,,75.23,86.0,8.0,5.41
483,rosarito,4.91,-75.23,CO,1551654000,,,,,77.0,88.0,75.0,2.24
485,ponta do sol,-20.63,-46,BR,1551656632,,,,,66.68,93.0,80.0,5.64
486,makokou,0.56,12.85,GA,1551656633,,,,,72.53,98.0,88.0,2.17
487,kohlu,29.9,69.25,PK,1551656634,,,,,42.79,90.0,88.0,2.73
488,soderhamn,61.3,17.06,SE,1551656527,,,,,26.01,82.0,92.0,1.99
489,kilkis,40.99,22.87,GR,1551656552,,,,,46.0,87.0,20.0,6.93
490,calgary,51.05,-114.06,CA,1551656496,,,,,10.99,38.0,20.0,5.82
491,kolondieba,11.09,-6.89,ML,1551656635,,,,,65.92,36.0,0.0,5.08
492,blackwater,51.33,-0.78,GB,1551656584,,,,,48.99,76.0,80.0,14.99
493,umtata,-31.59,28.78,ZA,1551654000,,,,,60.8,100.0,0.0,4.7
494,haverfordwest,51.8,-4.97,GB,1551656416,,,,,41.0,93.0,20.0,11.41
495,matata,-37.89,176.76,NZ,1551656524,,,,,75.99,66.0,0.0,4.0
496,luyang,31.88,117.26,CN,1551654000,,,,,37.4,93.0,0.0,8.95
497,greenwood,32.03,-101.9,US,1551654900,,,,,32.0,63.0,0.0,12.75
498,kharan,28.58,65.42,PK,1551656356,,,,,43.87,84.0,76.0,1.61
499,casa nova,-11.77,-39.23,BR,1551656639,,,,,79.42,70.0,44.0,11.45
500,mount isa,-20.73,139.49,AU,1551654000,,,,,84.2,39.0,0.0,12.75
501,navahrudak,53.59,25.82,BY,1551656646,,,,,43.46,94.0,92.0,19.06
502,carmo do rio claro,-20.97,-46.12,BR,1551656453,,,,,67.76,100.0,76.0,5.41
503,merritt island,28.54,-80.67,US,1551656646,,,,,82.99,78.0,1.0,10.29
504,lovozero,68.01,35.02,RU,1551656647,,,,,-11.58,53.0,20.0,2.73
505,enterprise,31.32,-85.86,US,1551656627,,,,,66.2,100.0,75.0,4.7
506,poltavka,54.36,71.76,RU,1551656649,,,,,28.61,83.0,48.0,16.6
507,koshurnikovo,54.3,93.39,RU,1551656649,,,,,18.71,71.0,68.0,3.74
508,stepnyak,52.83,70.79,KZ,1551656649,,,,,27.98,89.0,68.0,16.71
509,goryachegorsk,55.41,88.92,RU,1551656653,,,,,27.35,83.0,24.0,7.65
512,karpogory,64,44.44,RU,1551656654,,,,,9.98,73.0,68.0,2.95
513,shumskiy,54.83,99.13,RU,1551656654,,,,,11.38,70.0,24.0,1.95
514,iwaki,37.05,140.89,JP,1551656455,,,,,48.0,100.0,75.0,13.87
515,akdepe,42.05,59.39,TM,1551654000,,,,,37.4,93.0,90.0,13.87
516,villa del rosario,7.83,-72.47,CO,1551650400,,,,,86.0,55.0,40.0,6.93
517,ancud,-41.87,-73.83,CL,1551654000,,,,,53.6,81.0,75.0,5.82
518,suhbaatar,50.23,106.21,MN,1551656656,,,,,15.83,67.0,56.0,2.39
519,trojes,41.76,19.96,AL,1551655200,,,,,35.6,89.0,0.0,2.24
520,aneho,6.23,1.6,TG,1551654000,,,,,84.2,83.0,20.0,9.17
521,guadalajara,40.63,-3.16,ES,1551656650,,,,,55.0,71.0,0.0,6.93
522,gedo,9.01,37.45,ET,1551656657,,,,,56.02,97.0,80.0,1.39
525,jacqueville,5.21,-4.42,CI,1551654000,,,,,82.4,83.0,0.0,8.05
526,cabras,5.5,-75.6,CO,1551656661,,,,,61.24,94.0,64.0,1.61
527,nimaparha,20.07,86.02,IN,1551654000,,,,,75.2,100.0,40.0,13.24
528,hainburg,50.07,8.95,DE,1551656653,,,,,54.0,62.0,20.0,9.17
529,puerto baquerizo moreno,-0.9,-89.6,EC,1551654000,,,,,80.6,88.0,75.0,2.24
531,kapustin yar,48.58,45.77,RU,1551656666,,,,,26.95,85.0,36.0,12.68
532,chernyshevskiy,63.01,112.47,RU,1551656666,,,,,8.68,84.0,64.0,5.19
534,suruc,36.98,38.42,TR,1551655200,,,,,41.0,100.0,90.0,12.75
535,yangambi,0.77,24.47,CD,1551656667,,,,,70.06,100.0,56.0,2.28
536,palembang,-2.99,104.76,ID,1551654000,,,,,78.8,94.0,40.0,3.36
537,novouzensk,50.46,48.14,RU,1551656668,,,,,18.94,86.0,80.0,17.05
539,vanimo,-2.67,141.3,PG,1551656669,,,,,81.94,100.0,92.0,11.9
540,kautokeino,69.01,23.04,NO,1551656618,,,,,-12.7,55.0,48.0,2.95
541,chany,55.31,76.76,RU,1551656670,,,,,30.37,89.0,64.0,20.74
542,vikindu,-6.98,39.3,TZ,1551656670,,,,,76.4,96.0,20.0,2.39
543,trinidad,-33.52,-56.9,UY,1551656671,,,,,69.88,61.0,0.0,10.0
544,byron bay,-28.65,153.62,AU,1551656448,,,,,84.0,74.0,75.0,10.29
545,sturgeon bay,44.83,-87.38,US,1551655588,,,,,10.4,46.0,1.0,13.87
546,bouloupari,-21.87,166.05,NC,1551654000,,,,,84.2,70.0,90.0,5.82
547,guarapari,-20.67,-40.5,BR,1551654000,,,,,82.4,83.0,20.0,8.05
548,sao sebastiao do paraiso,-20.92,-46.99,BR,1551656424,,,,,66.23,91.0,68.0,5.75
549,along,28.17,94.8,IN,1551656673,,,,,48.95,89.0,76.0,1.95
550,kpandae,8.46,-0.01,GH,1551656674,,,,,73.48,42.0,0.0,2.06
551,mpulungu,-8.77,31.12,ZM,1551656674,,,,,62.86,98.0,92.0,4.41
552,zomin,39.96,68.4,UZ,1551656675,,,,,36.35,72.0,0.0,4.07
553,klaksvik,62.23,-6.59,FO,1551655200,,,,,41.0,86.0,92.0,5.82
554,buncrana,55.14,-7.45,GB,1551652200,,,,,44.6,65.0,40.0,17.22
555,santa fe,-31.62,-60.7,AR,1551656404,,,,,84.99,63.0,56.0,5.01
556,yukamenskoye,57.89,52.24,RU,1551656680,,,,,10.03,78.0,64.0,4.52
557,bria,6.54,21.99,CF,1551656680,,,,,71.63,45.0,48.0,7.31
558,chichibu,35.99,139.07,JP,1551656662,,,,,51.01,93.0,75.0,6.93
560,hirtshals,57.59,9.96,DK,1551656682,,,,,40.09,96.0,80.0,12.01
561,taksimo,56.36,114.84,RU,1551656683,,,,,10.3,71.0,68.0,2.39
562,khirkiya,22.17,76.86,IN,1551656683,,,,,59.08,85.0,0.0,2.73
563,jalu,29.03,21.55,LY,1551656683,,,,,49.9,71.0,0.0,8.66
565,santo domingo,18.48,-69.94,DO,1551656000,,,,,79.0,69.0,40.0,4.7
566,ko samui,9.54,99.94,TH,1551655800,,,,,82.4,78.0,20.0,8.05
567,albany,42.65,-73.75,US,1551656438,,,,,35.01,58.0,90.0,2.51
568,dubti,11.74,41.09,ET,1551656688,,,,,69.61,55.0,12.0,11.34
569,ndola,-12.97,28.64,ZM,1551656691,,,,,69.88,56.0,0.0,5.08
570,mul,20.07,79.68,IN,1551656693,,,,,68.26,95.0,0.0,8.99
571,plotnikovo,55.04,83.4,RU,1551654000,,,,,30.2,80.0,75.0,13.42
572,benalla,-36.55,145.99,AU,1551655914,,,,,89.01,30.0,8.0,3.36
573,paracuru,-3.41,-39.03,BR,1551655692,,,,,82.0,78.0,20.0,3.36
575,ziarat,30.38,67.73,PK,1551656694,,,,,24.65,87.0,24.0,3.18
576,the pas,53.82,-101.24,CA,1551654600,,,,,5.0,65.0,90.0,17.22
577,ibicui,-14.84,-39.99,BR,1551656695,,,,,73.75,81.0,8.0,7.65
578,norfolk,36.85,-76.29,US,1551656691,,,,,51.01,87.0,90.0,4.7
579,evanston,42.04,-87.69,US,1551656688,,,,,21.2,43.0,0.0,5.82
580,hasaki,35.73,140.83,JP,1551656076,,,,,51.8,93.0,75.0,18.34
581,morehead,38.18,-83.43,US,1551656100,,,,,32.0,92.0,75.0,10.29
582,dno,57.83,29.97,RU,1551656697,,,,,24.56,87.0,92.0,11.01
583,mozarlandia,-14.74,-50.57,BR,1551656617,,,,,70.55,94.0,32.0,2.95
584,kencong,-7.78,112.24,ID,1551656698,,,,,73.3,95.0,80.0,3.18
585,wadena,51.95,-103.8,CA,1551656698,,,,,1.39,76.0,44.0,15.03
586,lobito,-12.35,13.55,AO,1551656698,,,,,68.93,88.0,92.0,3.06
587,ridgecrest,35.62,-117.67,US,1551656679,,,,,69.8,28.0,1.0,20.8
588,turangi,-39,175.93,NZ,1551656404,,,,,80.01,24.0,0.0,5.99
589,gejiu,23.36,103.16,CN,1551656699,,,,,55.57,71.0,12.0,4.97
590,lapeer,43.05,-83.32,US,1551656664,,,,,23.0,67.0,90.0,4.7
591,mishkino,56.22,46.62,RU,1551654000,,,,,19.4,92.0,75.0,8.95
593,zanjan,36.67,48.48,IR,1551656701,,,,,21.82,93.0,56.0,2.62
594,lerici,44.07,9.91,IT,1551656695,,,,,51.01,100.0,75.0,3.36
596,ostrovskoye,57.81,42.24,RU,1551656702,,,,,19.84,93.0,76.0,8.1
597,fatehpur,31.18,71.21,PK,1551656705,,,,,43.87,86.0,0.0,2.84
598,arandis,-22.42,14.98,NA,1551654125,,,,,66.99,86.0,0.0,1.99
599,niksic,42.77,18.95,ME,1551655800,,,,,48.2,93.0,0.0,1.12
600,emilio carranza,19.97,-96.61,MX,1551656706,,,,,83.92,55.0,0.0,4.41
601,dmitriyevka,43.08,41,GE,1551656707,,,,,18.8,100.0,0.0,2.62
602,atikokan,48.76,-91.62,CA,1551656707,,,,,-3.48,48.0,36.0,8.21
603,anito,12.45,125.29,PH,1551656661,,,,,78.79,100.0,76.0,10.89
604,mamaku,-38.1,176.07,NZ,1551656553,,,,,82.0,82.0,0.0,5.99
605,mamakan,57.82,114.02,RU,1551656708,,,,,15.11,74.0,68.0,2.62
606,collie,-33.36,116.15,AU,1551656411,,,,,68.0,40.0,0.0,11.23
607,meiktila,20.88,95.86,MM,1551656709,,,,,63.26,53.0,0.0,6.76
608,springdale,36.19,-94.13,US,1551656708,,,,,21.99,73.0,90.0,16.11
609,amos,48.57,-78.12,CA,1551654000,,,,,12.2,56.0,75.0,4.7
610,mehriz,31.58,54.44,IR,1551654000,,,,,48.2,26.0,0.0,4.7
611,montrose,-37.81,145.34,AU,1551656710,,,,,75.0,73.0,90.0,2.24
612,meylan,45.21,5.78,FR,1551656707,,,,,51.8,70.0,0.0,4.7
613,kabalo,-6.05,26.92,CD,1551656712,,,,,69.61,99.0,88.0,2.95
614,sanghar,28.18,68.31,PK,1551656713,,,,,53.86,89.0,64.0,3.62
615,jishou,28.26,109.7,CN,1551655784,,,,,40.0,88.0,92.0,2.62
616,abu zabad,12.35,29.25,SD,1551656611,,,,,67.54,24.0,0.0,10.56
617,matagami,9.67,8.4,NG,1551656610,,,,,66.19,81.0,0.0,2.39
618,xuanwu,32.07,118.81,CN,1551656713,,,,,46.0,99.0,0.0,2.95
619,vostok,46.45,135.83,RU,1551656714,,,,,23.93,73.0,0.0,2.39
620,raahe,64.68,24.47,FI,1551655200,,,,,-4.01,83.0,0.0,8.05
621,yantal,56.85,105.25,RU,1551656674,,,,,1.12,58.0,0.0,2.39
622,kosum phisai,16.25,103.07,TH,1551654000,,,,,77.0,83.0,20.0,4.7
623,balabac,7.99,117.06,PH,1551656719,,,,,79.73,100.0,44.0,10.56
625,vestmannaeyjar,63.44,-20.27,IS,1551656528,,,,,37.57,95.0,80.0,13.8
626,almansa,38.87,-1.1,ES,1551656717,,,,,64.0,67.0,0.0,4.7
628,mayo,63.59,-135.9,CA,1551654000,,,,,10.4,46.0,20.0,3.62
629,cockenzie,55.97,-2.97,GB,1551656711,,,,,41.0,100.0,75.0,5.82
631,nizhnyaya tavda,57.67,66.17,RU,1551656725,,,,,20.51,87.0,68.0,13.91
632,bar-le-duc,48.77,5.16,FR,1551656704,,,,,55.4,46.0,0.0,5.82
633,madimba,4.42,9.93,CM,1551654000,,,,,78.8,100.0,75.0,2.24
635,armizonskoye,55.95,67.67,RU,1551656726,,,,,27.85,88.0,88.0,20.51
636,matelica,43.26,13.01,IT,1551656692,,,,,55.0,75.0,32.0,2.24
637,dzaoudzi,-12.79,45.27,YT,1551655800,,,,,82.4,83.0,20.0,11.41
638,lanzhou,36.06,103.82,CN,1551654000,,,,,26.6,45.0,0.0,2.24
639,bluff,-23.58,149.07,AU,1551656728,,,,,78.65,58.0,0.0,13.8
640,elliot lake,46.37,-82.65,CA,1551654000,,,,,10.4,78.0,40.0,10.29
641,dvinskoy,62.16,45.12,RU,1551656731,,,,,1.57,68.0,64.0,2.73
642,chau doc,10.71,105.12,VN,1551656731,,,,,68.48,94.0,0.0,3.74
643,avare,-23.1,-48.93,BR,1551656741,,,,,70.6,95.0,88.0,11.01
644,san rafael del sur,11.85,-86.44,NI,1551654000,,,,,89.6,49.0,20.0,11.41
645,anisoc,1.87,10.77,GQ,1551656741,,,,,71.05,98.0,32.0,1.39
646,verkh-usugli,52.7,115.17,RU,1551656742,,,,,11.65,62.0,0.0,5.19
647,sumenep,-7.02,113.87,ID,1551656743,,,,,82.48,100.0,80.0,9.33
648,lanigan,51.85,-105.03,CA,1551656743,,,,,1.57,76.0,48.0,16.04
649,macamic,48.75,-79,CA,1551654000,,,,,8.6,55.0,40.0,2.24
650,mantenopolis,-18.86,-41.12,BR,1551656690,,,,,79.42,62.0,8.0,10.67
651,mucurapo,10.67,-61.53,TT,1551656407,,,,,75.2,88.0,75.0,10.29
652,burlington,43.32,-79.8,CA,1551656732,,,,,27.0,92.0,90.0,6.93
653,jagdalpur,19.09,82.02,IN,1551656748,,,,,65.33,91.0,12.0,3.18
654,mpanda,-6.34,31.07,TZ,1551656748,,,,,65.33,94.0,92.0,2.73
656,asyut,27.18,31.19,EG,1551656749,,,,,42.07,54.0,0.0,3.74
657,simplicio mendes,-7.85,-41.91,BR,1551656749,,,,,68.75,93.0,12.0,2.95
658,hebi,35.75,114.29,CN,1551656753,,,,,33.52,71.0,12.0,2.39
659,anshun,26.25,105.93,CN,1551656753,,,,,52.6,97.0,92.0,12.68
660,guymon,36.68,-101.48,US,1551656533,,,,,15.8,61.0,90.0,12.75
661,podyuga,61.09,40.86,RU,1551656754,,,,,10.57,76.0,64.0,3.85
662,tashara,55.52,83.51,RU,1551656754,,,,,29.33,88.0,76.0,13.69
663,apatou,5.16,-54.34,SR,1551656755,,,,,79.33,63.0,12.0,6.2
665,palana,59.08,159.95,RU,1551656756,,,,,12.68,74.0,88.0,4.52
666,vrangel,42.73,133.08,RU,1551656757,,,,,35.59,94.0,8.0,10.78
667,langsa,4.47,97.97,ID,1551656757,,,,,67.72,93.0,0.0,2.62
668,snihurivka,47.07,32.8,UA,1551656767,,,,,27.8,88.0,0.0,11.56
669,townsville,-19.26,146.82,AU,1551655881,,,,,82.99,54.0,20.0,13.87
670,zhirnovsk,50.98,44.78,RU,1551656768,,,,,20.78,86.0,88.0,17.38
671,ferme-neuve,46.7,-75.45,CA,1551656768,,,,,19.48,69.0,88.0,4.85
672,ust-kuyga,70,135.55,RU,1551656515,,,,,-19.23,54.0,48.0,3.62
673,sendafa,9.16,39.02,ET,1551654000,,,,,60.8,77.0,40.0,9.17
674,general bravo,25.79,-99.18,MX,1551656769,,,,,73.12,83.0,88.0,20.18
675,montego bay,18.47,-77.92,JM,1551655851,,,,,77.0,83.0,75.0,5.82
676,brasilia,-10.9,-37.55,BR,1551654000,,,,,82.4,74.0,40.0,10.29
677,guadalupe y calvo,26.09,-106.96,MX,1551656770,,,,,70.33,16.0,0.0,3.4
678,gibara,21.11,-76.13,CU,1551653400,,,,,82.4,58.0,40.0,11.41
679,supe,-10.8,-77.72,PE,1551656771,,,,,73.12,100.0,24.0,11.01
680,savinka,50.08,47.1,RU,1551656771,,,,,19.57,84.0,68.0,16.49
682,guanica,17.97,-66.91,PR,1551656739,,,,,78.01,94.0,90.0,3.36
683,choma,-16.81,26.98,ZM,1551656772,,,,,64.7,73.0,0.0,2.62
685,xinxiang,35.3,113.88,CN,1551656773,,,,,34.87,79.0,0.0,3.51
686,dawei,14.07,98.19,MM,1551656773,,,,,70.01,95.0,0.0,1.39
687,kualakapuas,-3.01,114.39,ID,1551654000,,,,,77.0,94.0,20.0,3.36
688,moree,-29.46,149.84,AU,1551655819,,,,,79.0,44.0,0.0,9.17
689,buribay,51.96,58.16,RU,1551656775,,,,,11.15,85.0,0.0,12.01
691,goundi,9.36,17.37,TD,1551656775,,,,,90.08,23.0,88.0,8.32
693,truro,50.26,-5.05,GB,1551656607,,,,,43.0,93.0,92.0,9.17
694,inyonga,-6.72,32.06,TZ,1551656721,,,,,63.08,95.0,80.0,2.51
695,itaqui,-29.13,-56.55,BR,1551656777,,,,,81.26,48.0,0.0,7.2
696,rio gallegos,-51.62,-69.22,AR,1551654000,,,,,53.6,58.0,40.0,18.34
697,tsogni,-2.79,10.1,GA,1551656781,,,,,81.8,96.0,68.0,3.96
698,trelleborg,55.38,13.15,SE,1551656714,,,,,42.01,100.0,90.0,6.93
699,doembang nangbuat,14.85,100.1,TH,1551656748,,,,,81.0,81.0,0.0,9.22
700,zavetnoye,47.12,43.89,RU,1551656782,,,,,27.04,90.0,48.0,13.91
701,calafat,43.99,22.93,RO,1551656783,,,,,35.41,75.0,0.0,6.87
702,abidjan,5.32,-4.02,CI,1551654000,,,,,82.4,83.0,0.0,8.05
703,mao,19.55,-71.08,DO,1551656438,,,,,82.0,61.0,40.0,17.22
704,nueva helvecia,-34.28,-57.23,UY,1551656773,,,,,70.0,69.0,8.0,8.88
705,codrington,-28.95,153.24,AU,1551656764,,,,,80.6,73.0,92.0,5.19
706,kondinskoye,59.65,67.41,RU,1551656784,,,,,20.92,81.0,80.0,10.78
707,umea,63.83,20.26,SE,1551656706,,,,,15.8,85.0,0.0,3.36
708,santa josefa,7.99,126.03,PH,1551656785,,,,,73.88,93.0,24.0,3.29
709,kudat,6.89,116.84,MY,1551654000,,,,,78.8,88.0,75.0,3.36
710,gagino,54.27,39.54,RU,1551656647,,,,,28.99,74.0,88.0,3.0
712,jaisalmer,26.91,70.91,IN,1551656786,,,,,56.02,92.0,92.0,8.21
713,yongzhou,26.46,111.6,CN,1551656787,,,,,43.01,94.0,76.0,1.95
714,milkovo,41.53,24.68,BG,1551656284,,,,,46.99,100.0,75.0,2.24
715,annau,37.89,58.52,TM,1551654000,,,,,48.2,61.0,0.0,13.87
716,pokaran,26.93,71.92,IN,1551656788,,,,,57.19,94.0,92.0,8.21
717,ortigueira,43.68,-7.85,ES,1551656405,,,,,55.99,71.0,40.0,14.99
719,kudahuvadhoo,2.67,72.89,MV,1551656671,,,,,82.84,98.0,64.0,14.81
720,armeria,18.93,-103.97,MX,1551652800,,,,,82.4,69.0,5.0,11.41
721,otaru,43.18,140.99,JP,1551655823,,,,,37.0,99.0,75.0,5.82
722,tlazazalca,19.97,-102.06,MX,1551652860,,,,,78.8,47.0,5.0,6.93
723,aitape,-3.15,142.36,PG,1551656787,,,,,81.04,93.0,80.0,4.63
724,baruun-urt,46.68,113.28,MN,1551656505,,,,,18.67,45.0,44.0,7.2
726,ponnampet,12.15,75.93,IN,1551656791,,,,,69.52,90.0,48.0,3.62
728,galyugayevskaya,43.7,44.93,RU,1551656792,,,,,21.37,73.0,0.0,2.95
729,ayame,5.61,-3.16,CI,1551656792,,,,,79.96,89.0,0.0,7.54
731,senneterre,48.39,-77.24,CA,1551654000,,,,,12.2,56.0,75.0,4.7
732,gornja koprivna,45.01,15.95,BA,1551656793,,,,,42.65,49.0,44.0,4.85
733,ampanihy,-24.69,44.75,MG,1551656793,,,,,68.89,94.0,20.0,5.08
734,fougamou,-1.22,10.59,GA,1551656794,,,,,70.69,97.0,36.0,2.51
735,pueblo nuevo,23.99,-106.96,MX,1551656435,,,,,78.01,62.0,12.0,5.99
736,gigmoto,13.78,124.39,PH,1551656795,,,,,77.48,100.0,88.0,6.53
737,pavilosta,56.89,21.19,LV,1551655200,,,,,39.2,93.0,68.0,11.41
738,alausi,-2.2,-78.83,EC,1551656796,,,,,50.66,100.0,68.0,1.95
739,lady lake,28.92,-81.92,US,1551656781,,,,,82.4,42.0,1.0,10.29
740,boma,11.23,4.46,NG,1551656797,,,,,78.7,28.0,32.0,8.88
741,eisiskes,54.17,25,LT,1551656750,,,,,39.2,86.0,75.0,11.41
742,bar harbor,44.39,-68.2,US,1551656576,,,,,32.0,86.0,90.0,8.05
743,crawfordsville,40.04,-86.9,US,1551656790,,,,,26.01,73.0,90.0,13.87
744,coihaique,-45.58,-72.07,CL,1551654000,,,,,51.8,53.0,40.0,3.36
745,karlskrona,56.16,15.59,SE,1551655200,,,,,39.2,93.0,68.0,4.7
746,chipinge,-20.19,32.62,ZW,1551656799,,,,,69.25,97.0,8.0,2.95
747,carmen,7.2,124.8,PH,1551656791,,,,,78.61,79.0,64.0,3.51
748,cotonou,6.37,2.43,BJ,1551656800,,,,,80.36,77.0,0.0,6.76
749,lagdo,9.06,13.67,CM,1551656800,,,,,90.85,31.0,92.0,8.1
750,zharkent,44.17,80,KZ,1551656801,,,,,9.85,61.0,56.0,2.39
